Node	Time	Old_population	New_population
41	8.247998952565478	0	101
43	8.19825046079154	0	100
